{
  "template1": {
    "name": {
      "xPercent": 57.85124088531665,
      "yPercent": 53.67427553034627,
      "fontSize": 15,
      "color": "#000000"
    },
    "eventName": {
      "xPercent": 32.54132299799061,
      "yPercent": 65.12024204480593,
      "fontSize": 15,
      "color": "#000000"
    },
    "eventDate": {
      "xPercent": 62.50000131360102,
      "yPercent": 69.26027248620625,
      "fontSize": 15,
      "color": "#000000"
    }
  },
  "_displayWidths": {
    "template1": 580.7999877929688,
    "template3": 580.7999877929688,
    "template2": 580.7999877929688
  },
  "template3": {
    "name": {
      "xPercent": 59.74518031906213,
      "yPercent": 51.531203921708524,
      "fontSize": 20,
      "color": "#000000"
    },
    "eventName": {
      "xPercent": 58.88429875826873,
      "yPercent": 56.401827970414764,
      "fontSize": 15,
      "color": "#000000"
    },
    "eventDate": {
      "xPercent": 32.02479406151457,
      "yPercent": 66.38660727026256,
      "fontSize": 15,
      "color": "#000000"
    }
  },
  "template2": {
    "name": {
      "xPercent": 63.70523549871178,
      "yPercent": 52.50532873144977,
      "fontSize": 20,
      "color": "#000000"
    },
    "eventName": {
      "xPercent": 33.91873349526006,
      "yPercent": 63.22070163860351,
      "fontSize": 15,
      "color": "#000000"
    },
    "eventDate": {
      "xPercent": 61.639119752807616,
      "yPercent": 68.09132568730975,
      "fontSize": 15,
      "color": "#000000"
    }
  }
}