{
  "template1": {
    "name": {
      "xPercent": 60.43388556769684,
      "yPercent": 51.77473512414383,
      "fontSize": 15,
      "color": "#000000"
    },
    "eventName": {
      "xPercent": 36.1570255533229,
      "yPercent": 63.65905483019406,
      "fontSize": 15,
      "color": "#000000"
    },
    "eventDate": {
      "xPercent": 15.323691782122562,
      "yPercent": 73.93607454575722,
      "fontSize": 15,
      "color": "#000000"
    }
  },
  "_displayWidths": {
    "template1": 580.7999877929688,
    "template3": 580.7999877929688,
    "template2": 580.7999877929688,
    "template4": 580.7999877929688
  },
  "template3": {
    "name": {
      "xPercent": 60.08953294337949,
      "yPercent": 50.800606598411335,
      "fontSize": 10,
      "color": "#000000"
    },
    "eventName": {
      "xPercent": 60.95041450417289,
      "yPercent": 55.671230647117575,
      "fontSize": 10,
      "color": "#000000"
    },
    "eventDate": {
      "xPercent": 29.958678315610403,
      "yPercent": 65.65600994696538,
      "fontSize": 10,
      "color": "#000000"
    }
  },
  "template2": {
    "name": {
      "xPercent": 62.50000131360102,
      "yPercent": 51.57990756100171,
      "fontSize": 15,
      "color": "#000000"
    },
    "eventName": {
      "xPercent": 32.02479406151457,
      "yPercent": 62.78234287302607,
      "fontSize": 15,
      "color": "#000000"
    },
    "eventDate": {
      "xPercent": 64.73829337166386,
      "yPercent": 67.89649812416762,
      "fontSize": 15,
      "color": "#000000"
    }
  },
  "template4": {
    "name": {
      "xPercent": 59.74518031906213,
      "yPercent": 51.77473512414383,
      "fontSize": 15,
      "color": "#000000"
    },
    "eventDate": {
      "xPercent": 77.47934047140622,
      "yPercent": 62.73363923373287,
      "fontSize": 15,
      "color": "#000000"
    }
  }
}